"start","end","width","query","flank.seq","chr","flank.start","flank.end","hit","idx"
1,6,6,"TTAGGG","TTAGGGATTTAACCTTAACCCATCTGGTTTCTCAGGGTCCGTGGAGTTGGG","chr1",33684353,33684403,2,218
32,37,6,"TTAGGG","TTAGGGATTTAACCTTAACCCATCTGGTTTCTCAGGGTCCGTGGAGTTGGG","chr1",33684353,33684403,2,218
43,48,6,"TTAGGG","GGTGTGTGTGTGTGTGTGTGTGTGTATGTGTGTGTGAGTATGTTAGGGGCA","chr1",47938403,47938453,1,314
17,22,6,"TTAGGG","TTGAAGGGGACTAGAGTTAGGGTTAGGGTTAGGGTTAAAGGTGAGGTTAGA","chr1",57237269,57237319,3,364
23,28,6,"TTAGGG","TTGAAGGGGACTAGAGTTAGGGTTAGGGTTAGGGTTAAAGGTGAGGTTAGA","chr1",57237269,57237319,3,364
29,34,6,"TTAGGG","TTGAAGGGGACTAGAGTTAGGGTTAGGGTTAGGGTTAAAGGTGAGGTTAGA","chr1",57237269,57237319,3,364
34,39,6,"TTAGGG","AAGTAGTGAAAGCAGACATCTTTGTTCCTAACCTTAGGGGTAAAACATCCA","chr1",158508877,158508927,1,976
12,17,6,"TTAGGG","GACCCTGTCTGTTAGGGGGAAAAAATACACACACACACACACACACACACA","chr1",174546323,174546373,1,1088
39,44,6,"TTAGGG","GGCTTGGTCCAAATAACCTTATCCACTATTACTAGAAATTAGGGAATCCCA","chr1",203428747,203428797,1,1284
13,18,6,"TTAGGG","TTGGGTCTTGTGTTAGGGTGGCAGCAACACGGTTTCTGTCTACCTCAGTGG","chr1",220595661,220595711,1,1398
42,47,6,"TTAGGG","TGTGTCTGTGTGTGTGGTGTGTGTGTGTCTGTGTGTGTGTGTTAGGGGCCA","chr1",226973301,226973351,1,1444
28,33,6,"TTAGGG","GTGGTGTGTGTGTGTGTGTTGAACTCTTTAGGGCTGGTGTGTGTATGTGTG","chr1",247621845,247621895,1,1596
12,17,6,"TTAGGG","ATGAGATGCATTTAGGGAAGGGGGATTTCCAGGGGAGCACTTCAGAAAAAG","chr10",52873641,52873691,1,1960
8,13,6,"TTAGGG","CTGTAAGTTAGGGGGGAATTATTCTTTTCATTTTATATATAAGAAACTGAG","chr10",73277917,73277967,1,2110
2,7,6,"TTAGGG","GTTAGGGTTCAAGTTAGGGTTAGAGTTAGGGTTAGGGTTAAGAGTTCCTGA","chr10",80635004,80635054,5,2171
14,19,6,"TTAGGG","GTTAGGGTTCAAGTTAGGGTTAGAGTTAGGGTTAGGGTTAAGAGTTCCTGA","chr10",80635004,80635054,5,2171
20,25,6,"TTAGGG","GTTAGGGTTCAAGTTAGGGTTAGAGTTAGGGTTAGGGTTAAGAGTTCCTGA","chr10",80635004,80635054,5,2171
26,31,6,"TTAGGG","GTTAGGGTTCAAGTTAGGGTTAGAGTTAGGGTTAGGGTTAAGAGTTCCTGA","chr10",80635004,80635054,5,2171
32,37,6,"TTAGGG","GTTAGGGTTCAAGTTAGGGTTAGAGTTAGGGTTAGGGTTAAGAGTTCCTGA","chr10",80635004,80635054,5,2171
11,16,6,"TTAGGG","TCACTGCCTCTGAGGGTTAGGGTTGGGGTTAGGGTTAGGTACGTTAGGGTG","chr10",81976686,81976736,6,2185
17,22,6,"TTAGGG","TCACTGCCTCTGAGGGTTAGGGTTGGGGTTAGGGTTAGGTACGTTAGGGTG","chr10",81976686,81976736,6,2185
23,28,6,"TTAGGG","TCACTGCCTCTGAGGGTTAGGGTTGGGGTTAGGGTTAGGTACGTTAGGGTG","chr10",81976686,81976736,6,2185
29,34,6,"TTAGGG","TCACTGCCTCTGAGGGTTAGGGTTGGGGTTAGGGTTAGGTACGTTAGGGTG","chr10",81976686,81976736,6,2185
35,40,6,"TTAGGG","TCACTGCCTCTGAGGGTTAGGGTTGGGGTTAGGGTTAGGTACGTTAGGGTG","chr10",81976686,81976736,6,2185
44,49,6,"TTAGGG","TCACTGCCTCTGAGGGTTAGGGTTGGGGTTAGGGTTAGGTACGTTAGGGTG","chr10",81976686,81976736,6,2185
42,47,6,"TTAGGG","TGGAGCATAAGGTTTACTGAAGAGATGGCTAGAAAGGTAGGTTAGGGCCTG","chr10",91620841,91620891,1,2257
16,21,6,"TTAGGG","GCAAAAAAAAAGATATTAGGGGAAAAAAAAGTAAAATCTGTAATGTTAGTA","chr10",98999397,98999447,1,2297
5,10,6,"TTAGGG","GTTGTTAGGGTTAGGGTTAGGGTTAGCATTAGGAGTTACAGTTGGGTTAAG","chr10",135380353,135380403,4,2564
11,16,6,"TTAGGG","GTTGTTAGGGTTAGGGTTAGGGTTAGCATTAGGAGTTACAGTTGGGTTAAG","chr10",135380353,135380403,4,2564
17,22,6,"TTAGGG","GTTGTTAGGGTTAGGGTTAGGGTTAGCATTAGGAGTTACAGTTGGGTTAAG","chr10",135380353,135380403,4,2564
29,34,6,"TTAGGG","GTTGTTAGGGTTAGGGTTAGGGTTAGCATTAGGAGTTACAGTTGGGTTAAG","chr10",135380353,135380403,4,2564
20,25,6,"TTAGGG","GTGCTGCGTGGAGGTTGGGTTAGGGTTAGGGTTAGGTTAGGCTGGAGTGCA","chr11",2145458,2145508,4,2593
26,31,6,"TTAGGG","GTGCTGCGTGGAGGTTGGGTTAGGGTTAGGGTTAGGTTAGGCTGGAGTGCA","chr11",2145458,2145508,4,2593
32,37,6,"TTAGGG","GTGCTGCGTGGAGGTTGGGTTAGGGTTAGGGTTAGGTTAGGCTGGAGTGCA","chr11",2145458,2145508,4,2593
37,42,6,"TTAGGG","GTGCTGCGTGGAGGTTGGGTTAGGGTTAGGGTTAGGTTAGGCTGGAGTGCA","chr11",2145458,2145508,4,2593
39,44,6,"TTAGGG","ATGTGTGTGTGTGTGTGTGTGTGAGTGTGTGTGTGTGTTTAGGGATCTATC","chr11",34697971,34698021,1,2835
21,26,6,"TTAGGG","GGGTCATATTCATGAAGCTGTTAAGGAACAATACAGAATTAGGGCTTAAGT","chr11",35737071,35737121,2,2840
39,44,6,"TTAGGG","GGGTCATATTCATGAAGCTGTTAAGGAACAATACAGAATTAGGGCTTAAGT","chr11",35737071,35737121,2,2840
32,37,6,"TTAGGG","ATGCCTGTGGCTGGAATTATACAAAATGAGCTTAGGGCATCTTGTAGAACC","chr11",79964207,79964257,1,3100
14,19,6,"TTAGGG","GAGAGTTTTAGCCTTAGGGGAGATATGTGGCAGTATCGAAAGAGAAGGAGA","chr11",83818059,83818109,1,3125
18,23,6,"TTAGGG","TGTGCTAAGCATCTGTGTTAGGGTTAGGGTTAGGGTTAGGCACATCGACGA","chr11",87636273,87636323,4,3153
24,29,6,"TTAGGG","TGTGCTAAGCATCTGTGTTAGGGTTAGGGTTAGGGTTAGGCACATCGACGA","chr11",87636273,87636323,4,3153
30,35,6,"TTAGGG","TGTGCTAAGCATCTGTGTTAGGGTTAGGGTTAGGGTTAGGCACATCGACGA","chr11",87636273,87636323,4,3153
36,41,6,"TTAGGG","TGTGCTAAGCATCTGTGTTAGGGTTAGGGTTAGGGTTAGGCACATCGACGA","chr11",87636273,87636323,4,3153
34,39,6,"TTAGGG","GGTATTTAGTATACAAGTCAGGAGCACGTGGAATTAGGGTGAACAAGAGTG","chr11",90626158,90626208,1,3173
42,47,6,"TTAGGG","TGGAGGTAAGTCAAAGGGACACAGGAGCCAACCGAAAGAGCTTAGGGGCTC","chr11",112741943,112741993,1,3310
27,32,6,"TTAGGG","GATATCTTGCGAGTGTGTGTATGGGTTTAGGGTTAGGGTTAGAATATTCTG","chr11",114146402,114146452,2,3327
33,38,6,"TTAGGG","GATATCTTGCGAGTGTGTGTATGGGTTTAGGGTTAGGGTTAGAATATTCTG","chr11",114146402,114146452,2,3327
10,15,6,"TTAGGG","GCGAGGCATCTAGGGTTAGGGTTAGGGTTAGGGTTAGGTTAGATAACCTAA","chr11",129573432,129573482,5,3451
16,21,6,"TTAGGG","GCGAGGCATCTAGGGTTAGGGTTAGGGTTAGGGTTAGGTTAGATAACCTAA","chr11",129573432,129573482,5,3451
22,27,6,"TTAGGG","GCGAGGCATCTAGGGTTAGGGTTAGGGTTAGGGTTAGGTTAGATAACCTAA","chr11",129573432,129573482,5,3451
28,33,6,"TTAGGG","GCGAGGCATCTAGGGTTAGGGTTAGGGTTAGGGTTAGGTTAGATAACCTAA","chr11",129573432,129573482,5,3451
34,39,6,"TTAGGG","GCGAGGCATCTAGGGTTAGGGTTAGGGTTAGGGTTAGGTTAGATAACCTAA","chr11",129573432,129573482,5,3451
3,8,6,"TTAGGG","GGTTAGGGTTAGGGTTAGGGTTAGGGTTAGGGTAGGGTTAGGGTTAGGGTT","chr12",95187,95237,8,3501
9,14,6,"TTAGGG","GGTTAGGGTTAGGGTTAGGGTTAGGGTTAGGGTAGGGTTAGGGTTAGGGTT","chr12",95187,95237,8,3501
15,20,6,"TTAGGG","GGTTAGGGTTAGGGTTAGGGTTAGGGTTAGGGTAGGGTTAGGGTTAGGGTT","chr12",95187,95237,8,3501
21,26,6,"TTAGGG","GGTTAGGGTTAGGGTTAGGGTTAGGGTTAGGGTAGGGTTAGGGTTAGGGTT","chr12",95187,95237,8,3501
27,32,6,"TTAGGG","GGTTAGGGTTAGGGTTAGGGTTAGGGTTAGGGTAGGGTTAGGGTTAGGGTT","chr12",95187,95237,8,3501
32,37,6,"TTAGGG","GGTTAGGGTTAGGGTTAGGGTTAGGGTTAGGGTAGGGTTAGGGTTAGGGTT","chr12",95187,95237,8,3501
38,43,6,"TTAGGG","GGTTAGGGTTAGGGTTAGGGTTAGGGTTAGGGTAGGGTTAGGGTTAGGGTT","chr12",95187,95237,8,3501
44,49,6,"TTAGGG","GGTTAGGGTTAGGGTTAGGGTTAGGGTTAGGGTAGGGTTAGGGTTAGGGTT","chr12",95187,95237,8,3501
44,49,6,"TTAGGG","ATACAATCCACATGCTATGTAAATCGTTGTCACGCTGTATTGTTTAGGGGG","chr12",3411784,3411834,1,3530
14,19,6,"TTAGGG","GCTATTATTTGTATTAGGGTTCTCCAGAGAAACAACCAGCAGGGTGTGTGT","chr12",9606823,9606873,1,3574
21,26,6,"TTAGGG","TGCAAAGTAAGTGGATAAAATTGGGGATTAGGGCAGGTGTGAGAGCAGGTG","chr12",55283484,55283534,2,3862
28,33,6,"TTAGGG","TGCAAAGTAAGTGGATAAAATTGGGGATTAGGGCAGGTGTGAGAGCAGGTG","chr12",55283484,55283534,2,3862
6,11,6,"TTAGGG","AAGGGTTAGGATTAGGGCTAGGGTTAGGGTTAAGATTAGAATTTGGATTAG","chr12",133817884,133817934,4,4409
12,17,6,"TTAGGG","AAGGGTTAGGATTAGGGCTAGGGTTAGGGTTAAGATTAGAATTTGGATTAG","chr12",133817884,133817934,4,4409
18,23,6,"TTAGGG","AAGGGTTAGGATTAGGGCTAGGGTTAGGGTTAAGATTAGAATTTGGATTAG","chr12",133817884,133817934,4,4409
24,29,6,"TTAGGG","AAGGGTTAGGATTAGGGCTAGGGTTAGGGTTAAGATTAGAATTTGGATTAG","chr12",133817884,133817934,4,4409
22,27,6,"TTAGGG","CCGACAACCTTCCATTTAAATTTAGGGGTTGTTTTCTCAAATAATAAAGAT","chr13",64401467,64401517,1,4699
6,11,6,"TTAGGG","ATCTCTTAGGGATGAATTAGGGAAAACGGTCTACAAAACAGATGGTGCAAA","chr13",101176742,101176792,2,4957
17,22,6,"TTAGGG","ATCTCTTAGGGATGAATTAGGGAAAACGGTCTACAAAACAGATGGTGCAAA","chr13",101176742,101176792,2,4957
1,6,6,"TTAGGG","TTATGGTCAGGGGTTAGGGGTCAGGGTCAGGGGTTATGGGTCAGGGTCAGG","chr14",19349467,19349517,7,5072
7,12,6,"TTAGGG","TTATGGTCAGGGGTTAGGGGTCAGGGTCAGGGGTTATGGGTCAGGGTCAGG","chr14",19349467,19349517,7,5072
14,19,6,"TTAGGG","TTATGGTCAGGGGTTAGGGGTCAGGGTCAGGGGTTATGGGTCAGGGTCAGG","chr14",19349467,19349517,7,5072
21,26,6,"TTAGGG","TTATGGTCAGGGGTTAGGGGTCAGGGTCAGGGGTTATGGGTCAGGGTCAGG","chr14",19349467,19349517,7,5072
27,32,6,"TTAGGG","TTATGGTCAGGGGTTAGGGGTCAGGGTCAGGGGTTATGGGTCAGGGTCAGG","chr14",19349467,19349517,7,5072
34,39,6,"TTAGGG","TTATGGTCAGGGGTTAGGGGTCAGGGTCAGGGGTTATGGGTCAGGGTCAGG","chr14",19349467,19349517,7,5072
41,46,6,"TTAGGG","TTATGGTCAGGGGTTAGGGGTCAGGGTCAGGGGTTATGGGTCAGGGTCAGG","chr14",19349467,19349517,7,5072
28,33,6,"TTAGGG","GTCATACACAAGCATTCTTAAGATATATTAGGGGCTTATATGTAAGGCAAT","chr14",59623473,59623523,1,5309
17,22,6,"TTAGGG","TTGTATGAATATTTTGTTAGGGTAAATTGCTAAAAGTTAAATTGCTGAGTC","chr14",61133067,61133117,1,5322
34,39,6,"TTAGGG","ATATAGCCAAGGTTAATAGCAATTATCTCTGGATTAGGGTATTATAGATGA","chr14",73865177,73865227,1,5406
45,50,6,"TTAGGG","AATAAAGGCACACACGTGTTGATTCAAATGCTAGAGACCTCATTTTAGGGT","chr16",25149967,25150017,1,6435
25,30,6,"TTAGGG","TTTGGATCATCTCTTCTTGTGGGCTTAGGGCCATTGGAGCATTCATCAAGG","chr16",27617619,27617669,1,6455
4,9,6,"TTAGGG","GGGTGAGGGTTGGGGTTAGGGGTTAGGGTTAGGGTTAAGGGTTAGAGATTA","chr16",32474153,32474203,8,6474
10,15,6,"TTAGGG","GGGTGAGGGTTGGGGTTAGGGGTTAGGGTTAGGGTTAAGGGTTAGAGATTA","chr16",32474153,32474203,8,6474
16,21,6,"TTAGGG","GGGTGAGGGTTGGGGTTAGGGGTTAGGGTTAGGGTTAAGGGTTAGAGATTA","chr16",32474153,32474203,8,6474
23,28,6,"TTAGGG","GGGTGAGGGTTGGGGTTAGGGGTTAGGGTTAGGGTTAAGGGTTAGAGATTA","chr16",32474153,32474203,8,6474
29,34,6,"TTAGGG","GGGTGAGGGTTGGGGTTAGGGGTTAGGGTTAGGGTTAAGGGTTAGAGATTA","chr16",32474153,32474203,8,6474
35,40,6,"TTAGGG","GGGTGAGGGTTGGGGTTAGGGGTTAGGGTTAGGGTTAAGGGTTAGAGATTA","chr16",32474153,32474203,8,6474
36,41,6,"TTAGGG","GGGTGAGGGTTGGGGTTAGGGGTTAGGGTTAGGGTTAAGGGTTAGAGATTA","chr16",32474153,32474203,8,6474
42,47,6,"TTAGGG","GGGTGAGGGTTGGGGTTAGGGGTTAGGGTTAGGGTTAAGGGTTAGAGATTA","chr16",32474153,32474203,8,6474
36,41,6,"TTAGGG","CCCTGCCAGGCTGGGATGGGCGGGAGAGACAGGGGTTAGGGGTAGGGTTAG","chr16",49817093,49817143,2,6511
42,47,6,"TTAGGG","CCCTGCCAGGCTGGGATGGGCGGGAGAGACAGGGGTTAGGGGTAGGGTTAG","chr16",49817093,49817143,2,6511
1,6,6,"TTAGGG","TTAGGGGTAGGTTTACTGTTTCAGGCTAGGGTTAGGGTTCGTGTTAGGGTC","chr16",87558293,87558343,4,6833
26,31,6,"TTAGGG","TTAGGGGTAGGTTTACTGTTTCAGGCTAGGGTTAGGGTTCGTGTTAGGGTC","chr16",87558293,87558343,4,6833
32,37,6,"TTAGGG","TTAGGGGTAGGTTTACTGTTTCAGGCTAGGGTTAGGGTTCGTGTTAGGGTC","chr16",87558293,87558343,4,6833
44,49,6,"TTAGGG","TTAGGGGTAGGTTTACTGTTTCAGGCTAGGGTTAGGGTTCGTGTTAGGGTC","chr16",87558293,87558343,4,6833
1,6,6,"TTAGGG","TTAGCGTTTTAGGGTTATGGTTAGGGTTAAGGGTTAGGGCTAGCGGTTAGG","chr16",90188560,90188610,8,6853
9,14,6,"TTAGGG","TTAGCGTTTTAGGGTTATGGTTAGGGTTAAGGGTTAGGGCTAGCGGTTAGG","chr16",90188560,90188610,8,6853
15,20,6,"TTAGGG","TTAGCGTTTTAGGGTTATGGTTAGGGTTAAGGGTTAGGGCTAGCGGTTAGG","chr16",90188560,90188610,8,6853
21,26,6,"TTAGGG","TTAGCGTTTTAGGGTTATGGTTAGGGTTAAGGGTTAGGGCTAGCGGTTAGG","chr16",90188560,90188610,8,6853
27,32,6,"TTAGGG","TTAGCGTTTTAGGGTTATGGTTAGGGTTAAGGGTTAGGGCTAGCGGTTAGG","chr16",90188560,90188610,8,6853
28,33,6,"TTAGGG","TTAGCGTTTTAGGGTTATGGTTAGGGTTAAGGGTTAGGGCTAGCGGTTAGG","chr16",90188560,90188610,8,6853
34,39,6,"TTAGGG","TTAGCGTTTTAGGGTTATGGTTAGGGTTAAGGGTTAGGGCTAGCGGTTAGG","chr16",90188560,90188610,8,6853
47,52,6,"TTAGGG","TTAGCGTTTTAGGGTTATGGTTAGGGTTAAGGGTTAGGGCTAGCGGTTAGG","chr16",90188560,90188610,8,6853
11,16,6,"TTAGGG","AGAACTAAGTTTAGAGAGCAGTGCAGCTACTTAGGGAAAGTAAACAGGATC","chr17",51216975,51217025,2,7189
31,36,6,"TTAGGG","AGAACTAAGTTTAGAGAGCAGTGCAGCTACTTAGGGAAAGTAAACAGGATC","chr17",51216975,51217025,2,7189
17,22,6,"TTAGGG","GACCTCTTAATGAGGTTTAGGGTGGGGAGGCCAGGGTGACTAACTTGAATG","chr17",77378963,77379013,1,7382
0,5,6,"TTAGGG","TAGGGGTTAGGGTTAAGGGTCCAGGGTTAGGGGTTAGGGGTTAGGGTCAGG","chr18",14879713,14879763,7,7501
7,12,6,"TTAGGG","TAGGGGTTAGGGTTAAGGGTCCAGGGTTAGGGGTTAGGGGTTAGGGTCAGG","chr18",14879713,14879763,7,7501
13,18,6,"TTAGGG","TAGGGGTTAGGGTTAAGGGTCCAGGGTTAGGGGTTAGGGGTTAGGGTCAGG","chr18",14879713,14879763,7,7501
14,19,6,"TTAGGG","TAGGGGTTAGGGTTAAGGGTCCAGGGTTAGGGGTTAGGGGTTAGGGTCAGG","chr18",14879713,14879763,7,7501
27,32,6,"TTAGGG","TAGGGGTTAGGGTTAAGGGTCCAGGGTTAGGGGTTAGGGGTTAGGGTCAGG","chr18",14879713,14879763,7,7501
34,39,6,"TTAGGG","TAGGGGTTAGGGTTAAGGGTCCAGGGTTAGGGGTTAGGGGTTAGGGTCAGG","chr18",14879713,14879763,7,7501
41,46,6,"TTAGGG","TAGGGGTTAGGGTTAAGGGTCCAGGGTTAGGGGTTAGGGGTTAGGGTCAGG","chr18",14879713,14879763,7,7501
1,6,6,"TTAGGG","TTAGGGGTGTTTGTGTGTGTGTGTGTGTGTGCGTGTGTGTGTGTGTTTTAA","chr18",23155807,23155857,1,7537
27,32,6,"TTAGGG","TAAGAAGGTGCTTCAGAAGTTCAATCTTAGGGCATTTGACAAACGCTGCTG","chr19",8871181,8871231,1,8065
13,18,6,"TTAGGG","AATAATGTTGCTTTAGGGTTAGGGTTAGAGTTAGGGTTAAAGCAACGTTAT","chr19",38129403,38129453,4,8219
19,24,6,"TTAGGG","AATAATGTTGCTTTAGGGTTAGGGTTAGAGTTAGGGTTAAAGCAACGTTAT","chr19",38129403,38129453,4,8219
25,30,6,"TTAGGG","AATAATGTTGCTTTAGGGTTAGGGTTAGAGTTAGGGTTAAAGCAACGTTAT","chr19",38129403,38129453,4,8219
31,36,6,"TTAGGG","AATAATGTTGCTTTAGGGTTAGGGTTAGAGTTAGGGTTAAAGCAACGTTAT","chr19",38129403,38129453,4,8219
23,28,6,"TTAGGG","GTGTTTCCTGTAACATGGAAATTTAGGGTTATTTAGCTGACAACTGCCTGG","chr19",55129197,55129247,1,8332
25,30,6,"TTAGGG","TATCCTGGTTAAAGGGCATTTACTTTAGGGTTTTGTGTGTGTGTGTGTGTG","chr2",55071069,55071119,1,8799
35,40,6,"TTAGGG","TGTGTGTGTCTTTAATTTCTCTAGCGCCACTGGGTTAGGGTCTCCCCGACC","chr2",77296303,77296353,1,8961
3,8,6,"TTAGGG","GGTTGGGGTTAGGGTTAGGGGTTAGGGTTGGGGTTGGGGTTGGGGTTGGGG","chr2",114360433,114360483,8,9204
9,14,6,"TTAGGG","GGTTGGGGTTAGGGTTAGGGGTTAGGGTTGGGGTTGGGGTTGGGGTTGGGG","chr2",114360433,114360483,8,9204
15,20,6,"TTAGGG","GGTTGGGGTTAGGGTTAGGGGTTAGGGTTGGGGTTGGGGTTGGGGTTGGGG","chr2",114360433,114360483,8,9204
22,27,6,"TTAGGG","GGTTGGGGTTAGGGTTAGGGGTTAGGGTTGGGGTTGGGGTTGGGGTTGGGG","chr2",114360433,114360483,8,9204
28,33,6,"TTAGGG","GGTTGGGGTTAGGGTTAGGGGTTAGGGTTGGGGTTGGGGTTGGGGTTGGGG","chr2",114360433,114360483,8,9204
34,39,6,"TTAGGG","GGTTGGGGTTAGGGTTAGGGGTTAGGGTTGGGGTTGGGGTTGGGGTTGGGG","chr2",114360433,114360483,8,9204
40,45,6,"TTAGGG","GGTTGGGGTTAGGGTTAGGGGTTAGGGTTGGGGTTGGGGTTGGGGTTGGGG","chr2",114360433,114360483,8,9204
46,51,6,"TTAGGG","GGTTGGGGTTAGGGTTAGGGGTTAGGGTTGGGGTTGGGGTTGGGGTTGGGG","chr2",114360433,114360483,8,9204
12,17,6,"TTAGGG","GTGCATGTGTTTTAGGGCAAGAGGAAGATGGAGTGGTATGTAAGTGTGTGT","chr2",124191517,124191567,1,9277
15,20,6,"TTAGGG","CACCAGCCATTGGATTAGGGCCCACCTTTATCTGGCATGACCCCATCTTAA","chr2",125730529,125730579,1,9300
19,24,6,"TTAGGG","GTGTGTGTGTACATGTATTTAGGGGAGTTGAGAAGAGATGAAAGAGAAAAT","chr2",137646543,137646593,1,9380
10,15,6,"TTAGGG","GAAAAGAGGTTAGGGTTAGGGTTTGGGTTAGGGTTAGGGTTCAAGTTGTCA","chr20",10172177,10172227,5,10187
16,21,6,"TTAGGG","GAAAAGAGGTTAGGGTTAGGGTTTGGGTTAGGGTTAGGGTTCAAGTTGTCA","chr20",10172177,10172227,5,10187
22,27,6,"TTAGGG","GAAAAGAGGTTAGGGTTAGGGTTTGGGTTAGGGTTAGGGTTCAAGTTGTCA","chr20",10172177,10172227,5,10187
28,33,6,"TTAGGG","GAAAAGAGGTTAGGGTTAGGGTTTGGGTTAGGGTTAGGGTTCAAGTTGTCA","chr20",10172177,10172227,5,10187
34,39,6,"TTAGGG","GAAAAGAGGTTAGGGTTAGGGTTTGGGTTAGGGTTAGGGTTCAAGTTGTCA","chr20",10172177,10172227,5,10187
25,30,6,"TTAGGG","TTTTTTATTTTTTTTAAAATGGGATTAGGGTAGGACCTAAGGGTAAGGAGG","chr20",38789759,38789809,2,10375
38,43,6,"TTAGGG","TTTTTTATTTTTTTTAAAATGGGATTAGGGTAGGACCTAAGGGTAAGGAGG","chr20",38789759,38789809,2,10375
4,9,6,"TTAGGG","AGGTTAGGGTTAGGGTTAGGATTAGGGGTTAGGGTTAGGGTTAGGGTTAGG","chr20",62918637,62918687,8,10536
10,15,6,"TTAGGG","AGGTTAGGGTTAGGGTTAGGATTAGGGGTTAGGGTTAGGGTTAGGGTTAGG","chr20",62918637,62918687,8,10536
16,21,6,"TTAGGG","AGGTTAGGGTTAGGGTTAGGATTAGGGGTTAGGGTTAGGGTTAGGGTTAGG","chr20",62918637,62918687,8,10536
22,27,6,"TTAGGG","AGGTTAGGGTTAGGGTTAGGATTAGGGGTTAGGGTTAGGGTTAGGGTTAGG","chr20",62918637,62918687,8,10536
29,34,6,"TTAGGG","AGGTTAGGGTTAGGGTTAGGATTAGGGGTTAGGGTTAGGGTTAGGGTTAGG","chr20",62918637,62918687,8,10536
35,40,6,"TTAGGG","AGGTTAGGGTTAGGGTTAGGATTAGGGGTTAGGGTTAGGGTTAGGGTTAGG","chr20",62918637,62918687,8,10536
41,46,6,"TTAGGG","AGGTTAGGGTTAGGGTTAGGATTAGGGGTTAGGGTTAGGGTTAGGGTTAGG","chr20",62918637,62918687,8,10536
47,52,6,"TTAGGG","AGGTTAGGGTTAGGGTTAGGATTAGGGGTTAGGGTTAGGGTTAGGGTTAGG","chr20",62918637,62918687,8,10536
10,15,6,"TTAGGG","TAAGAGAGGTTAGGGGTTAGGGATAAGGGGTTAGGGTTGGATTAGTGTGAG","chr21",9705139,9705189,5,10541
17,22,6,"TTAGGG","TAAGAGAGGTTAGGGGTTAGGGATAAGGGGTTAGGGTTGGATTAGTGTGAG","chr21",9705139,9705189,5,10541
24,29,6,"TTAGGG","TAAGAGAGGTTAGGGGTTAGGGATAAGGGGTTAGGGTTGGATTAGTGTGAG","chr21",9705139,9705189,5,10541
31,36,6,"TTAGGG","TAAGAGAGGTTAGGGGTTAGGGATAAGGGGTTAGGGTTGGATTAGTGTGAG","chr21",9705139,9705189,5,10541
42,47,6,"TTAGGG","TAAGAGAGGTTAGGGGTTAGGGATAAGGGGTTAGGGTTGGATTAGTGTGAG","chr21",9705139,9705189,5,10541
7,12,6,"TTAGGG","TTACAGTTAAGGGTTAAGGGTTAGGGTTAGGGGTTAGGGTTAGGGTCAGGG","chr21",9882913,9882963,9,10544
8,13,6,"TTAGGG","TTACAGTTAAGGGTTAAGGGTTAGGGTTAGGGGTTAGGGTTAGGGTCAGGG","chr21",9882913,9882963,9,10544
14,19,6,"TTAGGG","TTACAGTTAAGGGTTAAGGGTTAGGGTTAGGGGTTAGGGTTAGGGTCAGGG","chr21",9882913,9882963,9,10544
15,20,6,"TTAGGG","TTACAGTTAAGGGTTAAGGGTTAGGGTTAGGGGTTAGGGTTAGGGTCAGGG","chr21",9882913,9882963,9,10544
21,26,6,"TTAGGG","TTACAGTTAAGGGTTAAGGGTTAGGGTTAGGGGTTAGGGTTAGGGTCAGGG","chr21",9882913,9882963,9,10544
27,32,6,"TTAGGG","TTACAGTTAAGGGTTAAGGGTTAGGGTTAGGGGTTAGGGTTAGGGTCAGGG","chr21",9882913,9882963,9,10544
34,39,6,"TTAGGG","TTACAGTTAAGGGTTAAGGGTTAGGGTTAGGGGTTAGGGTTAGGGTCAGGG","chr21",9882913,9882963,9,10544
40,45,6,"TTAGGG","TTACAGTTAAGGGTTAAGGGTTAGGGTTAGGGGTTAGGGTTAGGGTCAGGG","chr21",9882913,9882963,9,10544
46,51,6,"TTAGGG","TTACAGTTAAGGGTTAAGGGTTAGGGTTAGGGGTTAGGGTTAGGGTCAGGG","chr21",9882913,9882963,9,10544
17,22,6,"TTAGGG","GAGTCCACCCAGGAGGTTAGGGTTAGGGTTAGGGTTATGTGATTGCACCAC","chr21",15915183,15915233,3,10558
23,28,6,"TTAGGG","GAGTCCACCCAGGAGGTTAGGGTTAGGGTTAGGGTTATGTGATTGCACCAC","chr21",15915183,15915233,3,10558
29,34,6,"TTAGGG","GAGTCCACCCAGGAGGTTAGGGTTAGGGTTAGGGTTATGTGATTGCACCAC","chr21",15915183,15915233,3,10558
20,25,6,"TTAGGG","TGCTTCTGAGGCCTTCACTTTAGGGTATTGTTTTCTGAGGCCCAACAGAGC","chr21",41179055,41179105,1,10755
2,7,6,"TTAGGG","ATTAGGGATGTTCAACTACTAAGTATATAATGCAAATGCAAATTCAAATCC","chr21",41943887,41943937,1,10768
6,11,6,"TTAGGG","GAGGGTGAGGGTGAGGGTGAGGGTCAGGTTTAGGGTGAGGGTGAGGGTGAG","chr21",47554417,47554467,6,10828
12,17,6,"TTAGGG","GAGGGTGAGGGTGAGGGTGAGGGTCAGGTTTAGGGTGAGGGTGAGGGTGAG","chr21",47554417,47554467,6,10828
18,23,6,"TTAGGG","GAGGGTGAGGGTGAGGGTGAGGGTCAGGTTTAGGGTGAGGGTGAGGGTGAG","chr21",47554417,47554467,6,10828
30,35,6,"TTAGGG","GAGGGTGAGGGTGAGGGTGAGGGTCAGGTTTAGGGTGAGGGTGAGGGTGAG","chr21",47554417,47554467,6,10828
36,41,6,"TTAGGG","GAGGGTGAGGGTGAGGGTGAGGGTCAGGTTTAGGGTGAGGGTGAGGGTGAG","chr21",47554417,47554467,6,10828
42,47,6,"TTAGGG","GAGGGTGAGGGTGAGGGTGAGGGTCAGGTTTAGGGTGAGGGTGAGGGTGAG","chr21",47554417,47554467,6,10828
4,9,6,"TTAGGG","GGGTTAGGGTTAGGGGTTAGGGGTCAGGGTCAGGGGTCAGGGGTCCCACTC","chr22",16468585,16468635,6,10833
10,15,6,"TTAGGG","GGGTTAGGGTTAGGGGTTAGGGGTCAGGGTCAGGGGTCAGGGGTCCCACTC","chr22",16468585,16468635,6,10833
17,22,6,"TTAGGG","GGGTTAGGGTTAGGGGTTAGGGGTCAGGGTCAGGGGTCAGGGGTCCCACTC","chr22",16468585,16468635,6,10833
24,29,6,"TTAGGG","GGGTTAGGGTTAGGGGTTAGGGGTCAGGGTCAGGGGTCAGGGGTCCCACTC","chr22",16468585,16468635,6,10833
30,35,6,"TTAGGG","GGGTTAGGGTTAGGGGTTAGGGGTCAGGGTCAGGGGTCAGGGGTCCCACTC","chr22",16468585,16468635,6,10833
37,42,6,"TTAGGG","GGGTTAGGGTTAGGGGTTAGGGGTCAGGGTCAGGGGTCAGGGGTCCCACTC","chr22",16468585,16468635,6,10833
43,48,6,"TTAGGG","TGTGTGTTTGTGTGTGTGTGTGTGTGTGTGTGTGTGTGTGTGTTAGGGTGT","chr22",34927431,34927481,1,10952
6,11,6,"TTAGGG","GAGAGTTAGGGTTAGGGTTAGGATTAGGGTTAGGGTTAGGGTTATGGTTAG","chr22",45022399,45022449,7,11038
12,17,6,"TTAGGG","GAGAGTTAGGGTTAGGGTTAGGATTAGGGTTAGGGTTAGGGTTATGGTTAG","chr22",45022399,45022449,7,11038
18,23,6,"TTAGGG","GAGAGTTAGGGTTAGGGTTAGGATTAGGGTTAGGGTTAGGGTTATGGTTAG","chr22",45022399,45022449,7,11038
24,29,6,"TTAGGG","GAGAGTTAGGGTTAGGGTTAGGATTAGGGTTAGGGTTAGGGTTATGGTTAG","chr22",45022399,45022449,7,11038
30,35,6,"TTAGGG","GAGAGTTAGGGTTAGGGTTAGGATTAGGGTTAGGGTTAGGGTTATGGTTAG","chr22",45022399,45022449,7,11038
36,41,6,"TTAGGG","GAGAGTTAGGGTTAGGGTTAGGATTAGGGTTAGGGTTAGGGTTATGGTTAG","chr22",45022399,45022449,7,11038
42,47,6,"TTAGGG","GAGAGTTAGGGTTAGGGTTAGGATTAGGGTTAGGGTTAGGGTTATGGTTAG","chr22",45022399,45022449,7,11038
15,20,6,"TTAGGG","GAAGTGGGGTCTTTTTAGGGGGTGGGAAGGAAGCTGACCAGGTATGTGTGT","chr3",51697911,51697961,1,11429
8,13,6,"TTAGGG","ACTACCTTTAGGGGTGGAAAGTATTAAGACAGGAAAAGAGAGCTAATGCTA","chr3",56493499,56493549,1,11481
14,19,6,"TTAGGG","GAGCATGTCCCTCTTAGGGTTAGGGTTAGGGTTAGGGTGGTAACCTGAATG","chr3",59407491,59407541,4,11492
20,25,6,"TTAGGG","GAGCATGTCCCTCTTAGGGTTAGGGTTAGGGTTAGGGTGGTAACCTGAATG","chr3",59407491,59407541,4,11492
26,31,6,"TTAGGG","GAGCATGTCCCTCTTAGGGTTAGGGTTAGGGTTAGGGTGGTAACCTGAATG","chr3",59407491,59407541,4,11492
32,37,6,"TTAGGG","GAGCATGTCCCTCTTAGGGTTAGGGTTAGGGTTAGGGTGGTAACCTGAATG","chr3",59407491,59407541,4,11492
46,51,6,"TTAGGG","CTTCTCAGATTGTTTTGGAAGGGGAAGTGTGTGTGGAGAAAGATTTTAGGG","chr3",136601511,136601561,1,11987
10,15,6,"TTAGGG","GTAACCAAATTAGGGAGTTACCAGGGGGATATTGAATCTTAGGGAAACCTG","chr3",148590975,148591025,2,12060
39,44,6,"TTAGGG","GTAACCAAATTAGGGAGTTACCAGGGGGATATTGAATCTTAGGGAAACCTG","chr3",148590975,148591025,2,12060
8,13,6,"TTAGGG","AAATGAGTTAGGGAGGTTTCCCTCTTTTTCTATTGATTGGAATAGTTTCAG","chr3",175086161,175086211,1,12243
20,25,6,"TTAGGG","CACCTTTTTCCTATTTTTTTTAGGGCAGTGAGAGGTTCTCAAATTTCAGTG","chr3",187159525,187159575,1,12307
3,8,6,"TTAGGG","GGTTAGGGTCAAGTGTTAGGGTTAGGGGTTAAGAGTTAAGGCTTAGGGATT","chr3",197900605,197900655,5,12381
16,21,6,"TTAGGG","GGTTAGGGTCAAGTGTTAGGGTTAGGGGTTAAGAGTTAAGGCTTAGGGATT","chr3",197900605,197900655,5,12381
22,27,6,"TTAGGG","GGTTAGGGTCAAGTGTTAGGGTTAGGGGTTAAGAGTTAAGGCTTAGGGATT","chr3",197900605,197900655,5,12381
36,41,6,"TTAGGG","GGTTAGGGTCAAGTGTTAGGGTTAGGGGTTAAGAGTTAAGGCTTAGGGATT","chr3",197900605,197900655,5,12381
43,48,6,"TTAGGG","GGTTAGGGTCAAGTGTTAGGGTTAGGGGTTAAGAGTTAAGGCTTAGGGATT","chr3",197900605,197900655,5,12381
15,20,6,"TTAGGG","ACTTTCTGTGATGGTTAGGGTTAGGGTTAGGGTTAGGGTTCATGTTAGGGT","chr4",8349073,8349123,5,12438
21,26,6,"TTAGGG","ACTTTCTGTGATGGTTAGGGTTAGGGTTAGGGTTAGGGTTCATGTTAGGGT","chr4",8349073,8349123,5,12438
27,32,6,"TTAGGG","ACTTTCTGTGATGGTTAGGGTTAGGGTTAGGGTTAGGGTTCATGTTAGGGT","chr4",8349073,8349123,5,12438
33,38,6,"TTAGGG","ACTTTCTGTGATGGTTAGGGTTAGGGTTAGGGTTAGGGTTCATGTTAGGGT","chr4",8349073,8349123,5,12438
45,50,6,"TTAGGG","ACTTTCTGTGATGGTTAGGGTTAGGGTTAGGGTTAGGGTTCATGTTAGGGT","chr4",8349073,8349123,5,12438
32,37,6,"TTAGGG","AATCTATACTATGGAATTTATTAACTTCACATTAGGGATATTTGAAAAAAT","chr4",17331593,17331643,1,12521
33,38,6,"TTAGGG","CACTGTTACTAGTAGAATTATTCCCTGTTTCGTTAGGGTCACCAGTGAACT","chr4",35701819,35701869,1,12667
2,7,6,"TTAGGG","TTTAGGGTTCCATTAGCTAAGGATTAAAGGAGAGAGCTGAAACCAAGAACA","chr4",73518893,73518943,1,12892
13,18,6,"TTAGGG","TGTGTGTGTGTGTTAGGGAGACAGATGTGGATAAGGAGGGAGAAAAAATCT","chr4",92218563,92218613,1,12990
45,50,6,"TTAGGG","CTATGGTTTTTTTTTCTTTTTTTATTATTATTATACTTGAAGTTTTAGGGT","chr4",167659604,167659654,1,13451
9,14,6,"TTAGGG","CTAGGAAGGTAGGGTTAGGGTTAGGGTTAGGGTTAGGGAGAGTTAGGGTTA","chr5",40729057,40729107,6,13967
15,20,6,"TTAGGG","CTAGGAAGGTAGGGTTAGGGTTAGGGTTAGGGTTAGGGAGAGTTAGGGTTA","chr5",40729057,40729107,6,13967
21,26,6,"TTAGGG","CTAGGAAGGTAGGGTTAGGGTTAGGGTTAGGGTTAGGGAGAGTTAGGGTTA","chr5",40729057,40729107,6,13967
27,32,6,"TTAGGG","CTAGGAAGGTAGGGTTAGGGTTAGGGTTAGGGTTAGGGAGAGTTAGGGTTA","chr5",40729057,40729107,6,13967
33,38,6,"TTAGGG","CTAGGAAGGTAGGGTTAGGGTTAGGGTTAGGGTTAGGGAGAGTTAGGGTTA","chr5",40729057,40729107,6,13967
43,48,6,"TTAGGG","CTAGGAAGGTAGGGTTAGGGTTAGGGTTAGGGTTAGGGAGAGTTAGGGTTA","chr5",40729057,40729107,6,13967
23,28,6,"TTAGGG","TTTGTTATCTGATTTTGAACTGCTAGGGCTTAGGGGTACAAGTGACTGAAT","chr5",42009591,42009641,2,13973
30,35,6,"TTAGGG","TTTGTTATCTGATTTTGAACTGCTAGGGCTTAGGGGTACAAGTGACTGAAT","chr5",42009591,42009641,2,13973
34,39,6,"TTAGGG","TGAAGCTGCTTTTTGCTATAGATACCAGTCATTTTAGGGAAGCTTTACTCA","chr5",65944014,65944064,1,14094
11,16,6,"TTAGGG","GTGTATTGGATTAGGGTATTTCTAAAATTGGAATTTCTGATTTTGACACAA","chr5",66203319,66203369,1,14098
18,23,6,"TTAGGG","GTTTCAAAGGTGTAGGATTAGGGTTAGGGTTAGGGTTACCCAGGTGAGCTG","chr5",166368095,166368145,3,14792
24,29,6,"TTAGGG","GTTTCAAAGGTGTAGGATTAGGGTTAGGGTTAGGGTTACCCAGGTGAGCTG","chr5",166368095,166368145,3,14792
30,35,6,"TTAGGG","GTTTCAAAGGTGTAGGATTAGGGTTAGGGTTAGGGTTACCCAGGTGAGCTG","chr5",166368095,166368145,3,14792
23,28,6,"TTAGGG","TTCTGCTATTTCATTAAAATTATTAGGGAAGCATTTCCCAGGCTGCTGCAA","chr6",23406957,23407007,1,15094
33,38,6,"TTAGGG","AATAGACTTCCTGACTCATGAATATTCTTTTTTCAGGGAACTTAGGGAAGT","chr6",114502983,114503033,2,15635
42,47,6,"TTAGGG","AATAGACTTCCTGACTCATGAATATTCTTTTTTCAGGGAACTTAGGGAAGT","chr6",114502983,114503033,2,15635
12,17,6,"TTAGGG","CACACGATTTATTAGGGGAATTGGCTCATGCAATTATGGATGCTGAGAAGT","chr6",155960198,155960248,2,15900
34,39,6,"TTAGGG","CACACGATTTATTAGGGGAATTGGCTCATGCAATTATGGATGCTGAGAAGT","chr6",155960198,155960248,2,15900
11,16,6,"TTAGGG","AACAAGACCCTTAGGGTTAGGGTTAGGGTTAGGGTTAGGGACCCCAGGCTC","chr7",173845,173895,5,16007
17,22,6,"TTAGGG","AACAAGACCCTTAGGGTTAGGGTTAGGGTTAGGGTTAGGGACCCCAGGCTC","chr7",173845,173895,5,16007
23,28,6,"TTAGGG","AACAAGACCCTTAGGGTTAGGGTTAGGGTTAGGGTTAGGGACCCCAGGCTC","chr7",173845,173895,5,16007
29,34,6,"TTAGGG","AACAAGACCCTTAGGGTTAGGGTTAGGGTTAGGGTTAGGGACCCCAGGCTC","chr7",173845,173895,5,16007
35,40,6,"TTAGGG","AACAAGACCCTTAGGGTTAGGGTTAGGGTTAGGGTTAGGGACCCCAGGCTC","chr7",173845,173895,5,16007
21,26,6,"TTAGGG","TATCAAAATTTCATTCCTCTTTAGGGTTGGATAATATTTCATTGTATGGAT","chr7",66167209,66167259,1,16437
29,34,6,"TTAGGG","TCTGTGTGTGTGTGCGTGCGTGCGTGTGTTAGGGGAATACATACACATGCA","chr7",70473333,70473383,1,16467
39,44,6,"TTAGGG","TGCATTCATGGATTCAGCCAACCACAGATCAAAAATACTTAGGGAAAAAAA","chr7",92001488,92001538,1,16630
12,17,6,"TTAGGG","TACCAGGGTTTTTAGGGAAAAAACCTAAATAATACAGATGTAAGAGATGGG","chr7",97468183,97468233,1,16672
41,46,6,"TTAGGG","TTCTTTTTTTTTAAATTTTATTATTATTATACTTTAAGTTTTAGGGTACAT","chr7",109670172,109670222,1,16744
44,49,6,"TTAGGG","AGAAGGAAACTGGTATGCACCTTGATGAAACAGAAAAAGGTGGTTAGGGCC","chr7",113718221,113718271,1,16774
42,47,6,"TTAGGG","GTGTGTGCATGTGTGTGTGTGTGTGTGTGTGTGTGTGTGTGTTAGGGTACA","chr7",126878352,126878402,1,16861
1,6,6,"TTAGGG","TTAGGGGTATATATATGTGTGTGTGTGTGTGTGTGAGAGACTGTGTGTGTA","chr7",147272397,147272447,1,17002
26,31,6,"TTAGGG","GCTAAAGCTGCTTCGTGTTGTCCAGTTAGGGTGAACTATAGAAGAAATGTC","chr8",10140875,10140925,1,17203
2,7,6,"TTAGGG","CTTAGGGAGGTGTGTGTGTGTGTGAGAGAGAGTGTGTGTGTGTGAGTGTGC","chr8",30278658,30278708,1,17358
39,44,6,"TTAGGG","TAGCCAGGCATGGTGGTGGGCACGTGTGGTCCCAGCTATTAGGGAGGCTGA","chr8",30815013,30815063,1,17363
21,26,6,"TTAGGG","TAGAGTGAAGAGGATGGTTACTAGGGTTGAAAAAACCACATGGGTTAGGGA","chr8",40124278,40124328,2,17434
45,50,6,"TTAGGG","TAGAGTGAAGAGGATGGTTACTAGGGTTGAAAAAACCACATGGGTTAGGGA","chr8",40124278,40124328,2,17434
12,17,6,"TTAGGG","GGTGAGAAAAATTATGGGTTAGGGTTAGGGTTAGGGTCAGAAAAACCTCAA","chr8",76901531,76901581,4,17651
19,24,6,"TTAGGG","GGTGAGAAAAATTATGGGTTAGGGTTAGGGTTAGGGTCAGAAAAACCTCAA","chr8",76901531,76901581,4,17651
25,30,6,"TTAGGG","GGTGAGAAAAATTATGGGTTAGGGTTAGGGTTAGGGTCAGAAAAACCTCAA","chr8",76901531,76901581,4,17651
31,36,6,"TTAGGG","GGTGAGAAAAATTATGGGTTAGGGTTAGGGTTAGGGTCAGAAAAACCTCAA","chr8",76901531,76901581,4,17651
6,11,6,"TTAGGG","TCAGGTTAGGGTGTGTGTGTCTGTGTGTGTGTGTGTTAATGTTAGTGGAGG","chr8",100241123,100241173,2,17800
42,47,6,"TTAGGG","TCAGGTTAGGGTGTGTGTGTCTGTGTGTGTGTGTGTTAATGTTAGTGGAGG","chr8",100241123,100241173,2,17800
11,16,6,"TTAGGG","TCTAATCATGTTAGGGCTTAAGTGGAAAATACAGATAAAAATCAGTACGTA","chr8",103570867,103570917,1,17819
15,20,6,"TTAGGG","AGAGGCTTAATTTTTTAGGGTTAGGGTTAGTGTTAGGGTTTTAATGAGAGA","chr8",113722020,113722070,4,17887
21,26,6,"TTAGGG","AGAGGCTTAATTTTTTAGGGTTAGGGTTAGTGTTAGGGTTTTAATGAGAGA","chr8",113722020,113722070,4,17887
27,32,6,"TTAGGG","AGAGGCTTAATTTTTTAGGGTTAGGGTTAGTGTTAGGGTTTTAATGAGAGA","chr8",113722020,113722070,4,17887
33,38,6,"TTAGGG","AGAGGCTTAATTTTTTAGGGTTAGGGTTAGTGTTAGGGTTTTAATGAGAGA","chr8",113722020,113722070,4,17887
0,5,6,"TTAGGG","TAGGGTTAGGGTTAGGGTTAGGGTTTGCAAGCCACCTTTCACAGTGAGACC","chr9",2824057,2824107,4,18130
6,11,6,"TTAGGG","TAGGGTTAGGGTTAGGGTTAGGGTTTGCAAGCCACCTTTCACAGTGAGACC","chr9",2824057,2824107,4,18130
12,17,6,"TTAGGG","TAGGGTTAGGGTTAGGGTTAGGGTTTGCAAGCCACCTTTCACAGTGAGACC","chr9",2824057,2824107,4,18130
18,23,6,"TTAGGG","TAGGGTTAGGGTTAGGGTTAGGGTTTGCAAGCCACCTTTCACAGTGAGACC","chr9",2824057,2824107,4,18130
44,49,6,"TTAGGG","CATGGGATTTCTAATATCTCATAAATATCCTGATTTTTGTTCTTTAGGGTA","chr9",24872883,24872933,1,18287
10,15,6,"TTAGGG","AACAGAGTATTAAGGGTGGAGTTCCTTCATGGTTTAGGGGTTTCTAGAGTT","chr9",26105125,26105175,3,18302
11,16,6,"TTAGGG","AACAGAGTATTAAGGGTGGAGTTCCTTCATGGTTTAGGGGTTTCTAGAGTT","chr9",26105125,26105175,3,18302
34,39,6,"TTAGGG","AACAGAGTATTAAGGGTGGAGTTCCTTCATGGTTTAGGGGTTTCTAGAGTT","chr9",26105125,26105175,3,18302
31,36,6,"TTAGGG","TGTGTGTGTGTGTGTGTGTGTGTGTGTGTGTTAGGGGTGGTGGTGGTGATG","chr9",102124567,102124617,1,18654
7,12,6,"TTAGGG","GTAGTGTTAGGGCTAGGGTTTGGGTTAGGAGAATTGCTTGAACCTGGGAGG","chr9",141023637,141023687,4,18958
13,18,6,"TTAGGG","GTAGTGTTAGGGCTAGGGTTTGGGTTAGGAGAATTGCTTGAACCTGGGAGG","chr9",141023637,141023687,4,18958
19,24,6,"TTAGGG","GTAGTGTTAGGGCTAGGGTTTGGGTTAGGAGAATTGCTTGAACCTGGGAGG","chr9",141023637,141023687,4,18958
25,30,6,"TTAGGG","GTAGTGTTAGGGCTAGGGTTTGGGTTAGGAGAATTGCTTGAACCTGGGAGG","chr9",141023637,141023687,4,18958
1,6,6,"TTAGGG","CTAGGGTTGGGGTCAGTGGTTAGGGGTCATGGTTAAGGGTTAAGGGTTGGG","chr9",141054322,141054372,7,18960
7,12,6,"TTAGGG","CTAGGGTTGGGGTCAGTGGTTAGGGGTCATGGTTAAGGGTTAAGGGTTGGG","chr9",141054322,141054372,7,18960
20,25,6,"TTAGGG","CTAGGGTTGGGGTCAGTGGTTAGGGGTCATGGTTAAGGGTTAAGGGTTGGG","chr9",141054322,141054372,7,18960
33,38,6,"TTAGGG","CTAGGGTTGGGGTCAGTGGTTAGGGGTCATGGTTAAGGGTTAAGGGTTGGG","chr9",141054322,141054372,7,18960
34,39,6,"TTAGGG","CTAGGGTTGGGGTCAGTGGTTAGGGGTCATGGTTAAGGGTTAAGGGTTGGG","chr9",141054322,141054372,7,18960
40,45,6,"TTAGGG","CTAGGGTTGGGGTCAGTGGTTAGGGGTCATGGTTAAGGGTTAAGGGTTGGG","chr9",141054322,141054372,7,18960
41,46,6,"TTAGGG","CTAGGGTTGGGGTCAGTGGTTAGGGGTCATGGTTAAGGGTTAAGGGTTGGG","chr9",141054322,141054372,7,18960
1,6,6,"TTAGGG","TTAGGGTTATGGTTAGGGTTAAGGGTTAGGGCTAGCGGTTAGGGGTTAAGG","chr9",141127599,141127649,8,18961
7,12,6,"TTAGGG","TTAGGGTTATGGTTAGGGTTAAGGGTTAGGGCTAGCGGTTAGGGGTTAAGG","chr9",141127599,141127649,8,18961
13,18,6,"TTAGGG","TTAGGGTTATGGTTAGGGTTAAGGGTTAGGGCTAGCGGTTAGGGGTTAAGG","chr9",141127599,141127649,8,18961
19,24,6,"TTAGGG","TTAGGGTTATGGTTAGGGTTAAGGGTTAGGGCTAGCGGTTAGGGGTTAAGG","chr9",141127599,141127649,8,18961
20,25,6,"TTAGGG","TTAGGGTTATGGTTAGGGTTAAGGGTTAGGGCTAGCGGTTAGGGGTTAAGG","chr9",141127599,141127649,8,18961
26,31,6,"TTAGGG","TTAGGGTTATGGTTAGGGTTAAGGGTTAGGGCTAGCGGTTAGGGGTTAAGG","chr9",141127599,141127649,8,18961
39,44,6,"TTAGGG","TTAGGGTTATGGTTAGGGTTAAGGGTTAGGGCTAGCGGTTAGGGGTTAAGG","chr9",141127599,141127649,8,18961
46,51,6,"TTAGGG","TTAGGGTTATGGTTAGGGTTAAGGGTTAGGGCTAGCGGTTAGGGGTTAAGG","chr9",141127599,141127649,8,18961
9,14,6,"TTAGGG","CCTATCTCTTAGGGCTAGGAGAGAAATCTTTTGAGTGTGACAACCAGTTTG","chrX",17031621,17031671,1,19114
22,27,6,"TTAGGG","GAACAGCTGTCTGAGCAGATTTTAGGGCATAATCCTACCTTCCCACAGAAG","chrX",22985733,22985783,1,19157
35,40,6,"TTAGGG","TTCATTATGTGAGAATGCACACCTTTCTATCTTGTTAGGGTCAGTCACTGA","chrX",78324097,78324147,1,19541
25,30,6,"TTAGGG","AAAGTCCTTCCTTCAGGAGCTCTTTTAGGGCAGGCCTGGTGGTGACAAAAT","chrX",95275489,95275539,1,19627
14,19,6,"TTAGGG","GGTAGAGGTAGAGTTAGGGTTAGGGTTAGGGTTAGGATTAGGCATCCTGGA","chrY",14036297,14036347,5,20224
20,25,6,"TTAGGG","GGTAGAGGTAGAGTTAGGGTTAGGGTTAGGGTTAGGATTAGGCATCCTGGA","chrY",14036297,14036347,5,20224
26,31,6,"TTAGGG","GGTAGAGGTAGAGTTAGGGTTAGGGTTAGGGTTAGGATTAGGCATCCTGGA","chrY",14036297,14036347,5,20224
32,37,6,"TTAGGG","GGTAGAGGTAGAGTTAGGGTTAGGGTTAGGGTTAGGATTAGGCATCCTGGA","chrY",14036297,14036347,5,20224
38,43,6,"TTAGGG","GGTAGAGGTAGAGTTAGGGTTAGGGTTAGGGTTAGGATTAGGCATCCTGGA","chrY",14036297,14036347,5,20224
6,11,6,"TTAGGG","TCAGTTTAGAGTTTAGGATTAGGGTTAGGGTTAGGGTTTAGTGTTAGGGTT","chrY",19951351,19951401,7,20256
13,18,6,"TTAGGG","TCAGTTTAGAGTTTAGGATTAGGGTTAGGGTTAGGGTTTAGTGTTAGGGTT","chrY",19951351,19951401,7,20256
19,24,6,"TTAGGG","TCAGTTTAGAGTTTAGGATTAGGGTTAGGGTTAGGGTTTAGTGTTAGGGTT","chrY",19951351,19951401,7,20256
25,30,6,"TTAGGG","TCAGTTTAGAGTTTAGGATTAGGGTTAGGGTTAGGGTTTAGTGTTAGGGTT","chrY",19951351,19951401,7,20256
31,36,6,"TTAGGG","TCAGTTTAGAGTTTAGGATTAGGGTTAGGGTTAGGGTTTAGTGTTAGGGTT","chrY",19951351,19951401,7,20256
38,43,6,"TTAGGG","TCAGTTTAGAGTTTAGGATTAGGGTTAGGGTTAGGGTTTAGTGTTAGGGTT","chrY",19951351,19951401,7,20256
44,49,6,"TTAGGG","TCAGTTTAGAGTTTAGGATTAGGGTTAGGGTTAGGGTTTAGTGTTAGGGTT","chrY",19951351,19951401,7,20256
13,18,6,"TTAGGG","TGAGGTTGTGGGTTAGAGTTAGGGTTAGGGTTAGTGTCAGGATTAAGTTTA","chrY",28139405,28139455,4,20296
19,24,6,"TTAGGG","TGAGGTTGTGGGTTAGAGTTAGGGTTAGGGTTAGTGTCAGGATTAAGTTTA","chrY",28139405,28139455,4,20296
25,30,6,"TTAGGG","TGAGGTTGTGGGTTAGAGTTAGGGTTAGGGTTAGTGTCAGGATTAAGTTTA","chrY",28139405,28139455,4,20296
31,36,6,"TTAGGG","TGAGGTTGTGGGTTAGAGTTAGGGTTAGGGTTAGTGTCAGGATTAAGTTTA","chrY",28139405,28139455,4,20296
45,50,6,"TTAGGG","GTGTGTGTGTGTGTGTGTGGTTTAATTCCTCTAGCACTGCTGGGTTAGGGT","chrY",28237916,28237966,1,20298
